type,w_acc,w_miss,w_drowsy,ARI,NMI,Spearman_r,Pct_Match
Grid Sweep,0.5,0.1,0.0,0.3192794105353667,0.39932929878203777,0.8389113364336358,75.92592592592592
Grid Sweep,0.5,0.1,0.1,0.444600355876136,0.5621169061006901,0.9075245864145765,81.48148148148148
Grid Sweep,0.5,0.1,0.3,0.229295256647666,0.37812657096454566,0.885949531142792,66.66666666666666
Grid Sweep,0.5,0.1,0.5,0.19887158861027124,0.35506624480485627,0.8091789281085615,62.96296296296296
Grid Sweep,0.5,0.1,0.7,0.19617151336914834,0.26259432818122613,0.7446062361820538,55.55555555555556
Grid Sweep,0.5,0.3,0.0,0.664500884796986,0.5934233494294725,0.9379431272394603,87.03703703703704
Grid Sweep,0.5,0.3,0.1,0.7568299633933616,0.7327682036812452,0.9861248761149654,90.74074074074075
Grid Sweep,0.5,0.3,0.3,0.5459686450167973,0.5951730779151853,0.977205153617443,79.62962962962963
Grid Sweep,0.5,0.3,0.5,0.24929036551256736,0.3466924733140266,0.9209422886330717,62.96296296296296
Grid Sweep,0.5,0.3,0.7,0.1848074288323946,0.23152059686418971,0.860333917816574,59.25925925925925
Grid Sweep,0.5,0.5,0.0,0.5357317581868649,0.5879835030311314,0.8818327361439354,81.48148148148148
Grid Sweep,0.5,0.5,0.1,0.6400213517017961,0.6540289545722353,0.9158344133567127,87.03703703703704
Grid Sweep,0.5,0.5,0.3,0.6677037460210471,0.6694878428821937,0.9076008233589997,87.03703703703704
Grid Sweep,0.5,0.5,0.5,0.2677719713207144,0.44410718174544794,0.8889990089197225,64.81481481481481
Grid Sweep,0.5,0.5,0.7,0.24489414682902685,0.2918010616205072,0.8441716855988413,64.81481481481481
Grid Sweep,0.5,0.7,0.0,0.45626455691522794,0.4566503236830494,0.8453914767096135,77.77777777777779
Grid Sweep,0.5,0.7,0.1,0.467276092778921,0.505504570973332,0.859495311427918,77.77777777777779
Grid Sweep,0.5,0.7,0.3,0.48253890403670946,0.5591559932041168,0.8683387969810171,75.92592592592592
Grid Sweep,0.5,0.7,0.5,0.19804689595965017,0.23240856074378652,0.850651825874819,61.111111111111114
Grid Sweep,0.5,0.7,0.7,0.22615094625902346,0.2579213484019355,0.8251886864374476,64.81481481481481
Grid Sweep,0.5,1.0,0.0,0.3581155663594984,0.33225613722651937,0.7856979492261951,72.22222222222221
Grid Sweep,0.5,1.0,0.1,0.2473828205183195,0.26992180504755264,0.8029274986658534,66.66666666666666
Grid Sweep,0.5,1.0,0.3,0.18818079579072688,0.22004315648591663,0.8034611572768164,62.96296296296296
Grid Sweep,0.5,1.0,0.5,0.18278546452795785,0.2186434286114322,0.8004879164443088,61.111111111111114
Grid Sweep,0.5,1.0,0.7,0.1835543483312387,0.2235146750693247,0.7879850575588931,59.25925925925925
Grid Sweep,0.8,0.1,0.0,0.2527669296883753,0.3469480449123889,0.7998017839444995,72.22222222222221
Grid Sweep,0.8,0.1,0.1,0.35703637433037333,0.43485032440166,0.8235114736601358,77.77777777777779
Grid Sweep,0.8,0.1,0.3,0.2833610559639427,0.4107999305190971,0.8610200503163834,72.22222222222221
Grid Sweep,0.8,0.1,0.5,0.21265707456752728,0.36659794073094965,0.8337272242128536,64.81481481481481
Grid Sweep,0.8,0.1,0.7,0.18684358506387808,0.345168700692087,0.7878325836700465,61.111111111111114
Grid Sweep,0.8,0.3,0.0,0.39767966675098015,0.48112645059327275,0.9184264694671038,79.62962962962963
Grid Sweep,0.8,0.3,0.1,0.5328946582753143,0.6595996129135926,0.966913166120302,85.18518518518519
Grid Sweep,0.8,0.3,0.3,0.8642449271237654,0.8613839566678331,0.9858199283372724,96.29629629629629
Grid Sweep,0.8,0.3,0.5,0.6161215456588803,0.6471352782207743,0.9618815277883663,87.03703703703704
Grid Sweep,0.8,0.3,0.7,0.22354856212696692,0.4156378948688361,0.9149958069680567,64.81481481481481
Grid Sweep,0.8,0.5,0.0,0.664500884796986,0.5934233494294725,0.9348936494625296,87.03703703703704
Grid Sweep,0.8,0.5,0.1,0.7568299633933616,0.7327682036812452,0.9727834108408936,90.74074074074075
Grid Sweep,0.8,0.5,0.3,0.7265172423005077,0.7110222602792922,0.9884119844476634,88.88888888888889
Grid Sweep,0.8,0.5,0.5,0.7265172423005077,0.7110222602792922,0.9704963025081955,88.88888888888889
Grid Sweep,0.8,0.5,0.7,0.45159693249754523,0.54118208835772,0.9403064725165815,75.92592592592592
Grid Sweep,0.8,0.7,0.0,0.586986593659871,0.6181825503668967,0.9092017991918884,83.33333333333334
Grid Sweep,0.8,0.7,0.1,0.7568299633933616,0.7327682036812452,0.9391629183502325,90.74074074074075
Grid Sweep,0.8,0.7,0.3,0.6677037460210471,0.6694878428821937,0.9433559502935123,87.03703703703704
Grid Sweep,0.8,0.7,0.5,0.6677037460210471,0.6694878428821937,0.9323015933521385,87.03703703703704
Grid Sweep,0.8,0.7,0.7,0.48253890403670946,0.5591559932041168,0.92277197529923,75.92592592592592
Grid Sweep,0.8,1.0,0.0,0.5059666312525302,0.48655816344286934,0.8621636044827323,79.62962962962963
Grid Sweep,0.8,1.0,0.1,0.514889183792432,0.5759903846727825,0.8762674392010369,79.62962962962963
Grid Sweep,0.8,1.0,0.3,0.4971395222758601,0.5665112037038154,0.8909049325303042,77.77777777777779
Grid Sweep,0.8,1.0,0.5,0.48253890403670946,0.5591559932041168,0.8848059769764429,75.92592592592592
Grid Sweep,0.8,1.0,0.7,0.34566172555490976,0.39684574325136085,0.8804604711443166,74.07407407407408
Grid Sweep,1.0,0.1,0.0,0.21228881311914377,0.283584694022874,0.769688190897309,68.51851851851852
Grid Sweep,1.0,0.1,0.1,0.3192794105353667,0.39932929878203777,0.8002592056110392,75.92592592592592
Grid Sweep,1.0,0.1,0.3,0.2599634734440864,0.3972763665409217,0.8453914767096135,70.37037037037037
Grid Sweep,1.0,0.1,0.5,0.2391374912130125,0.37090866399358124,0.836090569489975,68.51851851851852
Grid Sweep,1.0,0.1,0.7,0.19887158861027124,0.35506624480485627,0.7975909125562248,62.96296296296296
Grid Sweep,1.0,0.3,0.0,0.32472244522331656,0.4400752631465936,0.8925059083631929,75.92592592592592
Grid Sweep,1.0,0.3,0.1,0.4128971467271282,0.5968878022072296,0.9294808264084776,79.62962962962963
Grid Sweep,1.0,0.3,0.3,0.6283670609835643,0.6642099320607455,0.9676755355645347,88.88888888888889
Grid Sweep,1.0,0.3,0.5,0.22297583969421078,0.41691621113082805,0.9538004116794999,64.81481481481481
Grid Sweep,1.0,0.3,0.7,0.209038950042337,0.4042530844870728,0.9208660516886484,62.96296296296296
Grid Sweep,1.0,0.5,0.0,0.6370518566915362,0.5650423595357538,0.9372569947396509,87.03703703703704
Grid Sweep,1.0,0.5,0.1,0.6161215456588803,0.6471352782207743,0.9718685675078144,87.03703703703704
Grid Sweep,1.0,0.5,0.3,1.0,1.0,1.0,100.0
Grid Sweep,1.0,0.5,0.5,0.891086938652492,0.8518719976137076,0.9894793016695892,96.29629629629629
Grid Sweep,1.0,0.5,0.7,0.7635442062739811,0.7529911259749505,0.9615003430662499,92.5925925925926
Grid Sweep,1.0,0.7,0.0,0.6396395843058251,0.6143804168174077,0.9346649386292598,87.03703703703704
Grid Sweep,1.0,0.7,0.1,0.6968502687971214,0.6903073606662384,0.9566211786231609,88.88888888888889
Grid Sweep,1.0,0.7,0.3,0.7568299633933616,0.7327682036812452,0.9759853625066708,90.74074074074075
Grid Sweep,1.0,0.7,0.5,0.7265172423005077,0.7110222602792922,0.9663795075093391,88.88888888888889
Grid Sweep,1.0,0.7,0.7,0.5459686450167973,0.5951730779151853,0.9513608294579553,79.62962962962963
Grid Sweep,1.0,1.0,0.0,0.5357317581868649,0.5879835030311314,0.8818327361439354,81.48148148148148
Grid Sweep,1.0,1.0,0.1,0.586986593659871,0.6181825503668967,0.892810856140886,83.33333333333334
Grid Sweep,1.0,1.0,0.3,0.6400213517017961,0.6540289545722353,0.9162918350232523,87.03703703703704
Grid Sweep,1.0,1.0,0.5,0.6677037460210471,0.6694878428821937,0.9129374094686286,87.03703703703704
Grid Sweep,1.0,1.0,0.7,0.6677037460210471,0.6694878428821937,0.9064572691926508,87.03703703703704
Grid Sweep,1.2,0.1,0.0,0.1858497134593755,0.26331400508909864,0.7538309064572692,66.66666666666666
Grid Sweep,1.2,0.1,0.1,0.28449642962290234,0.3706467453245377,0.7878325836700465,74.07407407407408
Grid Sweep,1.2,0.1,0.3,0.22129355986013943,0.3538541062461356,0.8241213692155218,66.66666666666666
Grid Sweep,1.2,0.1,0.5,0.22036124599556614,0.35920928492051174,0.8265609514370664,66.66666666666666
Grid Sweep,1.2,0.1,0.7,0.18955357559082375,0.3327544426154472,0.8091789281085615,62.96296296296296
Grid Sweep,1.2,0.3,0.0,0.32472244522331656,0.4400752631465936,0.8716932225356409,75.92592592592592
Grid Sweep,1.2,0.3,0.1,0.36313846399554367,0.5132546567540405,0.8999771289166731,77.77777777777779
Grid Sweep,1.2,0.3,0.3,0.5297432146757372,0.6079966540153761,0.9441945566821682,85.18518518518519
Grid Sweep,1.2,0.3,0.5,0.2567708728458966,0.4478507687230827,0.9390104444613862,68.51851851851852
Grid Sweep,1.2,0.3,0.7,0.22297583969421078,0.41691621113082805,0.921628421132881,64.81481481481481
Grid Sweep,1.2,0.5,0.0,0.3248189826735518,0.38519993609950337,0.9287946939086681,74.07407407407408
Grid Sweep,1.2,0.5,0.1,0.47197381978316233,0.5680735969540758,0.9615765800106731,81.48148148148148
Grid Sweep,1.2,0.5,0.3,0.8642449271237654,0.8613839566678331,0.993138675001906,96.29629629629629
Grid Sweep,1.2,0.5,0.5,0.7635442062739811,0.7529911259749505,0.9889456430586263,92.5925925925926
Grid Sweep,1.2,0.5,0.7,0.6161215456588803,0.6471352782207743,0.9712586719524282,87.03703703703704
Grid Sweep,1.2,0.7,0.0,0.664500884796986,0.5934233494294725,0.940992605016391,87.03703703703704
Grid Sweep,1.2,0.7,0.1,0.7568299633933616,0.7327682036812452,0.9688190897308836,90.74074074074075
Grid Sweep,1.2,0.7,0.3,0.7568299633933616,0.7327682036812452,0.9921475947244034,90.74074074074075
Grid Sweep,1.2,0.7,0.5,0.7265172423005077,0.7110222602792922,0.9921475947244034,88.88888888888889
Grid Sweep,1.2,0.7,0.7,0.45159693249754523,0.54118208835772,0.9801021575055273,75.92592592592592
Grid Sweep,1.2,1.0,0.0,0.586986593659871,0.6181825503668967,0.9166730197453686,83.33333333333334
Grid Sweep,1.2,1.0,0.1,0.7568299633933616,0.7327682036812452,0.936418388350995,90.74074074074075
Grid Sweep,1.2,1.0,0.3,0.6968502687971214,0.6903073606662384,0.9516657772356484,88.88888888888889
Grid Sweep,1.2,1.0,0.5,0.6677037460210471,0.6694878428821937,0.9485400625142945,87.03703703703704
Grid Sweep,1.2,1.0,0.7,0.6677037460210471,0.6694878428821937,0.9428985286269727,87.03703703703704
Grid Sweep,1.5,0.1,0.0,0.1858497134593755,0.26331400508909864,0.7322558511854845,66.66666666666666
Grid Sweep,1.5,0.1,0.1,0.23153159471400947,0.3053613517114933,0.7579477014561258,70.37037037037037
Grid Sweep,1.5,0.1,0.3,0.26683091425204863,0.38019507733409413,0.7987344667225739,70.37037037037037
Grid Sweep,1.5,0.1,0.5,0.2599634734440864,0.3972763665409217,0.8195471525501259,70.37037037037037
Grid Sweep,1.5,0.1,0.7,0.22036124599556614,0.35920928492051174,0.8191659678280094,66.66666666666666
Grid Sweep,1.5,0.3,0.0,0.3192794105353667,0.39932929878203777,0.8389113364336358,75.92592592592592
Grid Sweep,1.5,0.3,0.1,0.35703637433037333,0.43485032440166,0.8578943355950295,77.77777777777779
Grid Sweep,1.5,0.3,0.3,0.444600355876136,0.5621169061006901,0.9075245864145765,81.48148148148148
Grid Sweep,1.5,0.3,0.5,0.34592477330042387,0.46806458681761615,0.9185789433559504,75.92592592592592
Grid Sweep,1.5,0.3,0.7,0.22297583969421078,0.41691621113082805,0.905389951970725,64.81481481481481
Grid Sweep,1.5,0.5,0.0,0.39767966675098015,0.48112645059327275,0.9088206144697721,79.62962962962963
Grid Sweep,1.5,0.5,0.1,0.44111405913827756,0.5563540851136258,0.9318441716855989,81.48148148148148
Grid Sweep,1.5,0.5,0.3,0.4894290120397864,0.6368332107992194,0.9752992300068614,83.33333333333334
Grid Sweep,1.5,0.5,0.5,0.7407212053373704,0.7768876345226907,0.9799496836166807,92.5925925925926
Grid Sweep,1.5,0.5,0.7,0.5468528051969203,0.6246982864539793,0.9709537241747351,85.18518518518519
Grid Sweep,1.5,0.7,0.0,0.5248109339407745,0.5035511712080699,0.9326065411298315,83.33333333333334
Grid Sweep,1.5,0.7,0.1,0.47197381978316233,0.5680735969540758,0.961805290843943,81.48148148148148
Grid Sweep,1.5,0.7,0.3,0.7288265103399373,0.7169195607699096,0.9935198597240222,90.74074074074075
Grid Sweep,1.5,0.7,0.5,1.0,1.0,0.9978653655561486,100.0
Grid Sweep,1.5,0.7,0.7,0.891086938652492,0.8518719976137076,0.9894030647251659,96.29629629629629
Grid Sweep,1.5,1.0,0.0,0.6968502687971214,0.6557435339581626,0.9387817336281163,88.88888888888889
Grid Sweep,1.5,1.0,0.1,0.7568299633933616,0.7327682036812452,0.9541815964016164,90.74074074074075
Grid Sweep,1.5,1.0,0.3,0.8198675510243765,0.7849644569862457,0.9764427841732104,92.5925925925926
Grid Sweep,1.5,1.0,0.5,0.7568299633933616,0.7327682036812452,0.9824655027826485,90.74074074074075
Grid Sweep,1.5,1.0,0.7,0.7265172423005077,0.7110222602792922,0.9744606236182054,88.88888888888889
"Objective (PCA: 0.17, -0.88, -0.45)",0.1722326627882661,0.878593050834561,0.44543255482068433,0.08075353935607621,0.08624741289048246,-0.44293664709918434,16.666666666666664
"Equal Weights (1.0, -1.0, -1.0)",1.0,1.0,1.0,0.2677719713207144,0.44410718174544794,0.8889990089197225,64.81481481481481
"Accuracy Only (1.0, 0.0, 0.0)",1.0,0.0,0.0,0.1858497134593755,0.26331400508909864,0.6387656627272155,66.66666666666666
"Accuracy + Misses Only (1.0, -0.5, 0.0)",1.0,0.5,0.0,0.6370518566915362,0.5650423595357538,0.9372569947396509,87.03703703703704
